keyword,phase,subcategory,volume,difficulty,cpc
ai email assistant,High-Intent (Ads),high-intent-ai-assistant,2400,35,12.26
ai employee,High-Intent (Ads),industry-specific,2400,55,14.28
ai worker,High-Intent (Ads),industry-specific,2400,34,9.72
ai scheduling assistant,High-Intent (Ads),high-intent-ai-assistant,1600,30,17.57
ai assistant for business,High-Intent (Ads),high-intent-ai-assistant,1300,73,26.36
ai powered executive assistant,High-Intent (Ads),high-intent-ai-assistant,1300,16,0.0
ai for law firms,High-Intent (Ads),industry-specific,1300,41,33.5
ai executive assistant,High-Intent (Ads),high-intent-ai-assistant,1000,5,15.95
ai workflow automation,Content / SEO,how-to,880,25,26.23
ai secretary,High-Intent (Ads),high-intent-ai-assistant,720,23,13.89
ai calendar assistant,High-Intent (Ads),high-intent-ai-assistant,590,53,13.95
ai for real estate agents,High-Intent (Ads),industry-specific,480,42,12.24
best ai tools 2025,Lead Magnet,lead-magnet-ideas,480,37,9.07
ai readiness assessment,Lead Magnet,lead-magnet-ideas,480,10,33.63
how to use ai at work,Content / SEO,how-to,320,17,6.68
ai office assistant,High-Intent (Ads),high-intent-ai-assistant,260,42,18.64
legal ai assistant,High-Intent (Ads),industry-specific,260,63,47.0
ai business assistant,High-Intent (Ads),high-intent-ai-assistant,210,44,25.66
too many emails,High-Intent (Ads),pain-point,210,0,3.31
ai chief of staff,High-Intent (Ads),high-intent-ai-assistant,170,0,7.46
open source ai assistant,Content / SEO,educational,140,49,13.05
ai hipaa compliance,Content / SEO,security-objections,140,30,27.67
ai inbox management,High-Intent (Ads),pain-point,110,44,18.32
ai email sorting,High-Intent (Ads),pain-point,110,20,33.93
ai staffing agency,High-Intent (Ads),industry-specific,110,22,10.31
real estate ai assistant,High-Intent (Ads),industry-specific,90,28,12.35
ai for small business owners,High-Intent (Ads),industry-specific,90,36,22.59
law firm automation,High-Intent (Ads),industry-specific,70,0,81.67
ai for personal injury lawyers,High-Intent (Ads),industry-specific,70,13,103.33
ai roi calculator,Lead Magnet,lead-magnet-ideas,70,0,14.41
ai meeting scheduling,High-Intent (Ads),pain-point,50,40,16.41
self hosted ai assistant,Content / SEO,educational,50,48,0.0
ai for ceo,Lead Magnet,lead-magnet-ideas,50,7,22.73
inbox zero ai,High-Intent (Ads),pain-point,40,28,4.82
ai email drafting,High-Intent (Ads),pain-point,40,0,4.72
insurance agency automation,High-Intent (Ads),industry-specific,40,13,53.34
how to use ai in my business,Content / SEO,how-to,40,40,23.35
best ai for scheduling,Content / SEO,comparison,40,56,17.05
private ai assistant,Content / SEO,educational,30,35,9.17
ai assistant comparison,Content / SEO,comparison,30,0,26.54
best ai for email management,Content / SEO,comparison,30,22,15.01
ai productivity hacks,Lead Magnet,lead-magnet-ideas,30,0,0.0
ai personal assistant for work,High-Intent (Ads),high-intent-ai-assistant,20,0,0.0
ai email triage,High-Intent (Ads),pain-point,20,0,0.0
ai assistant for lawyers,High-Intent (Ads),industry-specific,20,62,36.68
ai tools for business owners,Lead Magnet,lead-magnet-ideas,20,0,14.2
openclaw,High-Intent (Ads),product-aware,10,11,0.0
hire ai assistant,High-Intent (Ads),high-intent-ai-assistant,10,0,17.52
ai assistant for ceo,High-Intent (Ads),high-intent-ai-assistant,10,0,11.47
ai meeting prep,High-Intent (Ads),pain-point,10,0,4.4
ai assistant for small business owners,Content / SEO,educational,10,0,21.11
ai automation explained,Content / SEO,educational,10,0,0.0
how to set up ai assistant,Content / SEO,how-to,10,0,0.0
ai automation for beginners,Content / SEO,how-to,10,0,10.65
how to implement ai in small business,Content / SEO,how-to,10,0,19.41
is ai assistant safe,Content / SEO,security-objections,10,0,0.0
best ai tools 2026,Lead Magnet,lead-magnet-ideas,10,0,8.18
ai use cases for small business,Lead Magnet,lead-magnet-ideas,10,0,23.07
ai for founders,Lead Magnet,lead-magnet-ideas,10,35,10.09
openclaw ai,High-Intent (Ads),product-aware,0,0,0.0
openclaw setup,High-Intent (Ads),product-aware,0,0,0.0
setup openclaw,High-Intent (Ads),product-aware,0,0,0.0
openclaw for business,High-Intent (Ads),product-aware,0,0,0.0
openclaw consultant,High-Intent (Ads),product-aware,0,0,0.0
openclaw dallas,High-Intent (Ads),product-aware,0,0,0.0
openclaw dfw,High-Intent (Ads),product-aware,0,0,0.0
openclaw pricing,High-Intent (Ads),product-aware,0,0,0.0
openclaw review,High-Intent (Ads),product-aware,0,0,0.0
openclaw install,High-Intent (Ads),product-aware,0,0,0.0
ai assistant setup service,High-Intent (Ads),high-intent-ai-assistant,0,0,0.0
ai assistant for executives,High-Intent (Ads),high-intent-ai-assistant,0,0,0.0
automated executive assistant,High-Intent (Ads),high-intent-ai-assistant,0,0,0.0
ai assistant that reads email,High-Intent (Ads),high-intent-ai-assistant,0,0,0.0
ai that manages my inbox,High-Intent (Ads),high-intent-ai-assistant,0,0,0.0
ai that schedules meetings,High-Intent (Ads),high-intent-ai-assistant,0,0,0.0
ai consultant dallas,High-Intent (Ads),dfw-geo,0,0,0.0
ai automation dallas,High-Intent (Ads),dfw-geo,0,0,0.0
ai assistant dallas,High-Intent (Ads),dfw-geo,0,0,0.0
ai for business dallas,High-Intent (Ads),dfw-geo,0,0,0.0
ai consultant fort worth,High-Intent (Ads),dfw-geo,0,0,0.0
business automation dfw,High-Intent (Ads),dfw-geo,0,0,0.0
ai services dallas,High-Intent (Ads),dfw-geo,0,0,0.0
ai setup dallas,High-Intent (Ads),dfw-geo,0,0,0.0
ai consultant dfw,High-Intent (Ads),dfw-geo,0,0,0.0
ai implementation dallas,High-Intent (Ads),dfw-geo,0,0,0.0
ai agency dallas,High-Intent (Ads),dfw-geo,0,0,0.0
dallas ai company,High-Intent (Ads),dfw-geo,0,0,0.0
ai solutions dallas tx,High-Intent (Ads),dfw-geo,0,0,0.0
ai consulting fort worth,High-Intent (Ads),dfw-geo,0,0,0.0
ai automation fort worth,High-Intent (Ads),dfw-geo,0,0,0.0
managed ai services dallas,High-Intent (Ads),dfw-geo,0,0,0.0
automate email management,High-Intent (Ads),pain-point,0,0,0.0
virtual assistant alternative,High-Intent (Ads),pain-point,0,0,0.0
ai vs virtual assistant,High-Intent (Ads),pain-point,0,0,0.0
replace virtual assistant with ai,High-Intent (Ads),pain-point,0,0,0.0
email overload solution,High-Intent (Ads),pain-point,0,0,0.0
automated email responses business,High-Intent (Ads),pain-point,0,0,0.0
ai follow up emails,High-Intent (Ads),pain-point,0,0,0.0
automate calendar management,High-Intent (Ads),pain-point,0,0,0.0
ai for insurance agency,High-Intent (Ads),industry-specific,0,0,0.0
ai for mortgage company,High-Intent (Ads),industry-specific,0,0,0.0
legal ai assistant dallas,High-Intent (Ads),industry-specific,0,0,0.0
ai for law firm management,High-Intent (Ads),industry-specific,0,0,0.0
real estate automation ai,High-Intent (Ads),industry-specific,0,0,0.0
mortgage automation ai,High-Intent (Ads),industry-specific,0,0,0.0
ai for managing partner,High-Intent (Ads),industry-specific,0,0,0.0
ai for business owner,High-Intent (Ads),industry-specific,0,0,0.0
what is openclaw,Content / SEO,educational,0,0,0.0
what is an ai executive assistant,Content / SEO,educational,0,0,0.0
can ai manage my email,Content / SEO,educational,0,0,0.0
how does ai executive assistant work,Content / SEO,educational,0,0,0.0
what can ai assistant do,Content / SEO,educational,0,0,0.0
ai assistant capabilities,Content / SEO,educational,0,0,0.0
ai for business explained,Content / SEO,educational,0,0,0.0
on premise ai assistant,Content / SEO,educational,0,0,0.0
how to automate email with ai,Content / SEO,how-to,0,0,0.0
how to save time with ai,Content / SEO,how-to,0,0,0.0
how to automate my inbox,Content / SEO,how-to,0,0,0.0
getting started with ai business,Content / SEO,how-to,0,0,0.0
how to automate business tasks with ai,Content / SEO,how-to,0,0,0.0
how to delegate to ai,Content / SEO,how-to,0,0,0.0
best ai assistant for business 2025,Content / SEO,comparison,0,0,0.0
best ai assistant for business 2026,Content / SEO,comparison,0,0,0.0
openclaw alternatives,Content / SEO,comparison,0,0,0.0
ai personal assistant vs virtual assistant,Content / SEO,comparison,0,0,0.0
chatgpt vs ai executive assistant,Content / SEO,comparison,0,0,0.0
openclaw vs chatgpt,Content / SEO,comparison,0,0,0.0
ai assistant tools for business,Content / SEO,comparison,0,0,0.0
top ai assistants for executives,Content / SEO,comparison,0,0,0.0
claude ai vs chatgpt for business,Content / SEO,comparison,0,0,0.0
ai assistant for business comparison,Content / SEO,comparison,0,0,0.0
ai assistant security,Content / SEO,security-objections,0,0,0.0
ai reading my email safe,Content / SEO,security-objections,0,0,0.0
ai data privacy business,Content / SEO,security-objections,0,0,0.0
ai security for business,Content / SEO,security-objections,0,0,0.0
is it safe to give ai access to email,Content / SEO,security-objections,0,0,0.0
ai assistant data protection,Content / SEO,security-objections,0,0,0.0
on premise ai vs cloud ai security,Content / SEO,security-objections,0,0,0.0
self hosted ai security,Content / SEO,security-objections,0,0,0.0
ai compliance business,Content / SEO,security-objections,0,0,0.0
ai for business security risks,Content / SEO,security-objections,0,0,0.0
ai productivity tips,Lead Magnet,lead-magnet-ideas,0,0,0.0
tasks to automate with ai,Lead Magnet,lead-magnet-ideas,0,0,0.0
ai executive assistant use cases,Lead Magnet,lead-magnet-ideas,0,0,0.0
ai implementation checklist,Lead Magnet,lead-magnet-ideas,0,0,0.0
ai automation ideas for business,Lead Magnet,lead-magnet-ideas,0,0,0.0
ai time saving tips,Lead Magnet,lead-magnet-ideas,0,0,0.0
things ai can do for business,Lead Magnet,lead-magnet-ideas,0,0,0.0
ai business workflow ideas,Lead Magnet,lead-magnet-ideas,0,0,0.0
business tasks to give to ai,Lead Magnet,lead-magnet-ideas,0,0,0.0
ai assistant prompt templates,Lead Magnet,lead-magnet-ideas,0,0,0.0
how to talk to ai assistant,Lead Magnet,lead-magnet-ideas,0,0,0.0
ai onboarding checklist,Lead Magnet,lead-magnet-ideas,0,0,0.0
business ai checklist,Lead Magnet,lead-magnet-ideas,0,0,0.0
